402;9;JOB_OPS;237788;OUTPUT_SIZE
811;10;JOB_OPS;241764;OUTPUT_SIZE
1218;11;JOB_OPS;271870;OUTPUT_SIZE
1625;12;JOB_OPS;301976;OUTPUT_SIZE
2030;13;JOB_OPS;307177;OUTPUT_SIZE
2033;END_JOB_BURST
9439;14;JOB_OPS;356061;OUTPUT_SIZE
9848;15;JOB_OPS;312378;OUTPUT_SIZE
10255;16;JOB_OPS;341954;OUTPUT_SIZE
10662;17;JOB_OPS;341954;OUTPUT_SIZE
11071;18;JOB_OPS;399744;OUTPUT_SIZE
11077;END_JOB_BURST
18483;19;JOB_OPS;436841;OUTPUT_SIZE
18892;20;JOB_OPS;400687;OUTPUT_SIZE
19301;21;JOB_OPS;401630;OUTPUT_SIZE
19709;22;JOB_OPS;408044;OUTPUT_SIZE
20117;23;JOB_OPS;414458;OUTPUT_SIZE
20126;END_JOB_BURST
27533;24;JOB_OPS;418489;OUTPUT_SIZE
27940;25;JOB_OPS;443710;OUTPUT_SIZE
28349;26;JOB_OPS;422520;OUTPUT_SIZE
28756;27;JOB_OPS;451132;OUTPUT_SIZE
29166;28;JOB_OPS;451132;OUTPUT_SIZE
29174;END_JOB_BURST
36576;29;JOB_OPS;460140;OUTPUT_SIZE
36983;30;JOB_OPS;386259;OUTPUT_SIZE
37392;31;JOB_OPS;462520;OUTPUT_SIZE
37801;32;JOB_OPS;464900;OUTPUT_SIZE
38208;33;JOB_OPS;469419;OUTPUT_SIZE
38217;END_JOB_BURST
45626;34;JOB_OPS;473938;OUTPUT_SIZE
46033;35;JOB_OPS;541428;OUTPUT_SIZE
46442;36;JOB_OPS;417901;OUTPUT_SIZE
46849;37;JOB_OPS;608918;OUTPUT_SIZE
47258;38;JOB_OPS;631718;OUTPUT_SIZE
47266;END_JOB_BURST
54675;39;JOB_OPS;631718;OUTPUT_SIZE
55082;40;JOB_OPS;444155;OUTPUT_SIZE
55492;41;JOB_OPS;455447;OUTPUT_SIZE
55894;42;JOB_OPS;545929;OUTPUT_SIZE
56302;43;JOB_OPS;259998;OUTPUT_SIZE
56308;END_JOB_BURST
63717;44;JOB_OPS;221043;OUTPUT_SIZE
64125;45;JOB_OPS;237788;OUTPUT_SIZE
64532;46;JOB_OPS;307177;OUTPUT_SIZE
64939;47;JOB_OPS;259998;OUTPUT_SIZE
65347;48;JOB_OPS;400687;OUTPUT_SIZE
65355;END_JOB_BURST
72763;49;JOB_OPS;418489;OUTPUT_SIZE
73171;50;JOB_OPS;455636;OUTPUT_SIZE
73578;51;JOB_OPS;469419;OUTPUT_SIZE
73987;52;JOB_OPS;620318;OUTPUT_SIZE
74395;53;JOB_OPS;524088;OUTPUT_SIZE
74403;END_JOB_BURST
81811;54;JOB_OPS;178042;OUTPUT_SIZE
82219;55;JOB_OPS;215202;OUTPUT_SIZE
82628;56;JOB_OPS;226884;OUTPUT_SIZE
83037;57;JOB_OPS;224507;OUTPUT_SIZE
83445;58;JOB_OPS;237788;OUTPUT_SIZE
83453;END_JOB_BURST
90861;59;JOB_OPS;271870;OUTPUT_SIZE
91269;60;JOB_OPS;307177;OUTPUT_SIZE
91676;61;JOB_OPS;327166;OUTPUT_SIZE
92083;62;JOB_OPS;370849;OUTPUT_SIZE
92492;63;JOB_OPS;316778;OUTPUT_SIZE
92500;END_JOB_BURST
99909;64;JOB_OPS;401630;OUTPUT_SIZE
100316;65;JOB_OPS;414458;OUTPUT_SIZE
100725;66;JOB_OPS;422520;OUTPUT_SIZE
101134;67;JOB_OPS;451132;OUTPUT_SIZE
101542;68;JOB_OPS;441330;OUTPUT_SIZE
101551;END_JOB_BURST
108959;69;JOB_OPS;462520;OUTPUT_SIZE
109367;70;JOB_OPS;469419;OUTPUT_SIZE
109776;71;JOB_OPS;541428;OUTPUT_SIZE
110183;72;JOB_OPS;620318;OUTPUT_SIZE
110592;73;JOB_OPS;404880;OUTPUT_SIZE
110598;END_JOB_BURST
118007;74;JOB_OPS;178042;OUTPUT_SIZE
118414;75;JOB_OPS;196622;OUTPUT_SIZE
118844;76;JOB_OPS;314830;OUTPUT_SIZE
119251;77;JOB_OPS;215202;OUTPUT_SIZE
119660;78;JOB_OPS;226884;OUTPUT_SIZE
119666;END_JOB_BURST
127075;79;JOB_OPS;226884;OUTPUT_SIZE
127482;80;JOB_OPS;233812;OUTPUT_SIZE
127893;81;JOB_OPS;342472;OUTPUT_SIZE
128301;82;JOB_OPS;291004;OUTPUT_SIZE
128710;83;JOB_OPS;302508;OUTPUT_SIZE
128716;END_JOB_BURST
136123;84;JOB_OPS;304259;OUTPUT_SIZE
136530;85;JOB_OPS;306010;OUTPUT_SIZE
136938;86;JOB_OPS;359984;OUTPUT_SIZE
137345;87;JOB_OPS;293200;OUTPUT_SIZE
137752;88;JOB_OPS;413958;OUTPUT_SIZE
137761;END_JOB_BURST
145170;89;JOB_OPS;414657;OUTPUT_SIZE
145577;90;JOB_OPS;415356;OUTPUT_SIZE
145984;91;JOB_OPS;441040;OUTPUT_SIZE
146391;92;JOB_OPS;466724;OUTPUT_SIZE
146797;93;JOB_OPS;377508;OUTPUT_SIZE
146797;END_JOB_BURST
154206;94;JOB_OPS;488807;OUTPUT_SIZE
154613;95;JOB_OPS;510890;OUTPUT_SIZE
155020;96;JOB_OPS;522142;OUTPUT_SIZE
155427;97;JOB_OPS;533394;OUTPUT_SIZE
155834;98;JOB_OPS;544553;OUTPUT_SIZE
155840;END_JOB_BURST
163246;99;JOB_OPS;221624;OUTPUT_SIZE
163653;100;JOB_OPS;511218;OUTPUT_SIZE
164062;101;JOB_OPS;555712;OUTPUT_SIZE
164469;102;JOB_OPS;561592;OUTPUT_SIZE
164876;103;JOB_OPS;561592;OUTPUT_SIZE
164882;END_JOB_BURST
172290;104;JOB_OPS;564056;OUTPUT_SIZE
172697;105;JOB_OPS;477082;OUTPUT_SIZE
173106;106;JOB_OPS;562824;OUTPUT_SIZE
173513;107;JOB_OPS;575954;OUTPUT_SIZE
173920;108;JOB_OPS;575954;OUTPUT_SIZE
173926;END_JOB_BURST
181334;109;JOB_OPS;637232;OUTPUT_SIZE
181741;110;JOB_OPS;637232;OUTPUT_SIZE
182149;111;JOB_OPS;352918;OUTPUT_SIZE
182556;112;JOB_OPS;225448;OUTPUT_SIZE
182963;113;JOB_OPS;404837;OUTPUT_SIZE
182969;END_JOB_BURST
190377;114;JOB_OPS;210013;OUTPUT_SIZE
190785;115;JOB_OPS;377417;OUTPUT_SIZE
191192;116;JOB_OPS;221624;OUTPUT_SIZE
191600;117;JOB_OPS;250906;OUTPUT_SIZE
192009;118;JOB_OPS;289918;OUTPUT_SIZE
192015;END_JOB_BURST
199423;119;JOB_OPS;294706;OUTPUT_SIZE
199832;120;JOB_OPS;223444;OUTPUT_SIZE
200240;121;JOB_OPS;278977;OUTPUT_SIZE
200647;122;JOB_OPS;304259;OUTPUT_SIZE
201056;123;JOB_OPS;414657;OUTPUT_SIZE
201062;END_JOB_BURST
208470;124;JOB_OPS;368249;OUTPUT_SIZE
208871;125;JOB_OPS;488807;OUTPUT_SIZE
209278;126;JOB_OPS;544553;OUTPUT_SIZE
209685;127;JOB_OPS;562824;OUTPUT_SIZE
210088;128;JOB_OPS;409949;OUTPUT_SIZE
210095;END_JOB_BURST
217503;129;JOB_OPS;440588;OUTPUT_SIZE
217910;130;JOB_OPS;243944;OUTPUT_SIZE
218317;131;JOB_OPS;239402;OUTPUT_SIZE
218726;132;JOB_OPS;390108;OUTPUT_SIZE
219134;133;JOB_OPS;390108;OUTPUT_SIZE
219141;END_JOB_BURST
226550;134;JOB_OPS;189728;OUTPUT_SIZE
226957;135;JOB_OPS;247584;OUTPUT_SIZE
227367;136;JOB_OPS;278454;OUTPUT_SIZE
227776;137;JOB_OPS;234614;OUTPUT_SIZE
228180;138;JOB_OPS;291004;OUTPUT_SIZE
228186;END_JOB_BURST
235595;139;JOB_OPS;304259;OUTPUT_SIZE
236002;140;JOB_OPS;359984;OUTPUT_SIZE
236409;141;JOB_OPS;414657;OUTPUT_SIZE
236816;142;JOB_OPS;441040;OUTPUT_SIZE
237226;143;JOB_OPS;374198;OUTPUT_SIZE
237232;END_JOB_BURST
244640;144;JOB_OPS;488807;OUTPUT_SIZE
245047;145;JOB_OPS;522142;OUTPUT_SIZE
245456;146;JOB_OPS;544553;OUTPUT_SIZE
245863;147;JOB_OPS;558652;OUTPUT_SIZE
246266;148;JOB_OPS;562824;OUTPUT_SIZE
246272;END_JOB_BURST
253679;149;JOB_OPS;221624;OUTPUT_SIZE
254086;150;JOB_OPS;435033;OUTPUT_SIZE
254495;151;JOB_OPS;575954;OUTPUT_SIZE
254902;152;JOB_OPS;637232;OUTPUT_SIZE
255309;153;JOB_OPS;289918;OUTPUT_SIZE
255315;END_JOB_BURST
262723;154;JOB_OPS;189728;OUTPUT_SIZE
263131;155;JOB_OPS;218656;OUTPUT_SIZE
263540;156;JOB_OPS;331470;OUTPUT_SIZE
263947;157;JOB_OPS;247584;OUTPUT_SIZE
264354;158;JOB_OPS;278454;OUTPUT_SIZE
264360;END_JOB_BURST
271768;159;JOB_OPS;278454;OUTPUT_SIZE
272176;160;JOB_OPS;279500;OUTPUT_SIZE
272583;161;JOB_OPS;225971;OUTPUT_SIZE
272990;162;JOB_OPS;270280;OUTPUT_SIZE
273391;163;JOB_OPS;227467;OUTPUT_SIZE
273397;END_JOB_BURST
280805;164;JOB_OPS;234834;OUTPUT_SIZE
281213;165;JOB_OPS;280218;OUTPUT_SIZE
281619;166;JOB_OPS;281317;OUTPUT_SIZE
282022;167;JOB_OPS;410781;OUTPUT_SIZE
282430;168;JOB_OPS;449705;OUTPUT_SIZE
282436;END_JOB_BURST
289844;169;JOB_OPS;311957;OUTPUT_SIZE
290251;170;JOB_OPS;254762;OUTPUT_SIZE
290658;171;JOB_OPS;271064;OUTPUT_SIZE
291065;172;JOB_OPS;285798;OUTPUT_SIZE
291472;173;JOB_OPS;376566;OUTPUT_SIZE
291478;END_JOB_BURST
298886;174;JOB_OPS;378764;OUTPUT_SIZE
299293;175;JOB_OPS;380141;OUTPUT_SIZE
299703;176;JOB_OPS;410781;OUTPUT_SIZE
300110;177;JOB_OPS;443048;OUTPUT_SIZE
300520;178;JOB_OPS;449705;OUTPUT_SIZE
300526;END_JOB_BURST
307931;179;JOB_OPS;362211;OUTPUT_SIZE
308332;180;JOB_OPS;254762;OUTPUT_SIZE
308735;181;JOB_OPS;254762;OUTPUT_SIZE
309145;182;JOB_OPS;271064;OUTPUT_SIZE
309552;183;JOB_OPS;271064;OUTPUT_SIZE
309560;END_JOB_BURST
316968;184;JOB_OPS;234834;OUTPUT_SIZE
317378;185;JOB_OPS;270280;OUTPUT_SIZE
317786;186;JOB_OPS;285798;OUTPUT_SIZE
318195;187;JOB_OPS;376566;OUTPUT_SIZE
318604;188;JOB_OPS;376566;OUTPUT_SIZE
318610;END_JOB_BURST
326018;189;JOB_OPS;378764;OUTPUT_SIZE
326426;190;JOB_OPS;378764;OUTPUT_SIZE
326835;191;JOB_OPS;381518;OUTPUT_SIZE
327242;192;JOB_OPS;381518;OUTPUT_SIZE
327651;193;JOB_OPS;440044;OUTPUT_SIZE
327658;END_JOB_BURST
335066;194;JOB_OPS;440044;OUTPUT_SIZE
335474;195;JOB_OPS;413785;OUTPUT_SIZE
335883;196;JOB_OPS;446052;OUTPUT_SIZE
336290;197;JOB_OPS;449705;OUTPUT_SIZE
336699;198;JOB_OPS;453358;OUTPUT_SIZE
336705;END_JOB_BURST
344113;199;JOB_OPS;318614;OUTPUT_SIZE
344520;200;JOB_OPS;314961;OUTPUT_SIZE
344921;201;JOB_OPS;414962;OUTPUT_SIZE
345328;202;JOB_OPS;238090;OUTPUT_SIZE
345737;203;JOB_OPS;202080;OUTPUT_SIZE
345743;END_JOB_BURST
353151;204;JOB_OPS;236716;OUTPUT_SIZE
353559;205;JOB_OPS;236716;OUTPUT_SIZE
353966;206;JOB_OPS;236716;OUTPUT_SIZE
354373;207;JOB_OPS;218582;OUTPUT_SIZE
354781;208;JOB_OPS;197496;OUTPUT_SIZE
354789;END_JOB_BURST
362197;209;JOB_OPS;274100;OUTPUT_SIZE
362605;210;JOB_OPS;274100;OUTPUT_SIZE
363012;211;JOB_OPS;197496;OUTPUT_SIZE
363421;212;JOB_OPS;190721;OUTPUT_SIZE
363829;213;JOB_OPS;218582;OUTPUT_SIZE
363831;END_JOB_BURST
371239;214;JOB_OPS;179362;OUTPUT_SIZE
371647;215;JOB_OPS;238090;OUTPUT_SIZE
372055;216;JOB_OPS;236716;OUTPUT_SIZE
372463;217;JOB_OPS;238090;OUTPUT_SIZE
372870;218;JOB_OPS;208855;OUTPUT_SIZE
372876;END_JOB_BURST
380285;219;JOB_OPS;236716;OUTPUT_SIZE
380693;220;JOB_OPS;218582;OUTPUT_SIZE
381102;221;JOB_OPS;238090;OUTPUT_SIZE
381509;222;JOB_OPS;241955;OUTPUT_SIZE
381918;223;JOB_OPS;221821;OUTPUT_SIZE
381924;END_JOB_BURST
389327;224;JOB_OPS;307396;OUTPUT_SIZE
389729;225;JOB_OPS;178153;OUTPUT_SIZE
390136;226;JOB_OPS;326666;OUTPUT_SIZE
390538;227;JOB_OPS;208639;OUTPUT_SIZE
390947;228;JOB_OPS;358510;OUTPUT_SIZE
390953;END_JOB_BURST
398362;229;JOB_OPS;129773;OUTPUT_SIZE
398769;230;JOB_OPS;148196;OUTPUT_SIZE
399178;231;JOB_OPS;212188;OUTPUT_SIZE
399585;232;JOB_OPS;138773;OUTPUT_SIZE
399994;233;JOB_OPS;178857;OUTPUT_SIZE
400001;END_JOB_BURST
407409;234;JOB_OPS;213729;OUTPUT_SIZE
407811;235;JOB_OPS;254226;OUTPUT_SIZE
408220;236;JOB_OPS;193161;OUTPUT_SIZE
408627;237;JOB_OPS;236156;OUTPUT_SIZE
409036;238;JOB_OPS;362509;OUTPUT_SIZE
409042;END_JOB_BURST
416451;239;JOB_OPS;218936;OUTPUT_SIZE
416858;240;JOB_OPS;185186;OUTPUT_SIZE
417268;241;JOB_OPS;239269;OUTPUT_SIZE
417675;242;JOB_OPS;208639;OUTPUT_SIZE
418084;243;JOB_OPS;241541;OUTPUT_SIZE
418090;END_JOB_BURST
425496;244;JOB_OPS;219416;OUTPUT_SIZE
425903;245;JOB_OPS;318789;OUTPUT_SIZE
426310;246;JOB_OPS;219416;OUTPUT_SIZE
426717;247;JOB_OPS;326666;OUTPUT_SIZE
427127;248;JOB_OPS;239300;OUTPUT_SIZE
427134;END_JOB_BURST
434542;249;JOB_OPS;357466;OUTPUT_SIZE
434950;250;JOB_OPS;410736;OUTPUT_SIZE
435359;251;JOB_OPS;231748;OUTPUT_SIZE
435766;252;JOB_OPS;231748;OUTPUT_SIZE
436175;253;JOB_OPS;163878;OUTPUT_SIZE
436182;END_JOB_BURST
443590;254;JOB_OPS;192106;OUTPUT_SIZE
443998;255;JOB_OPS;361652;OUTPUT_SIZE
444406;256;JOB_OPS;165768;OUTPUT_SIZE
444813;257;JOB_OPS;165768;OUTPUT_SIZE
445221;258;JOB_OPS;172878;OUTPUT_SIZE
445227;END_JOB_BURST
452630;259;JOB_OPS;218857;OUTPUT_SIZE
453037;260;JOB_OPS;208521;OUTPUT_SIZE
453446;261;JOB_OPS;213729;OUTPUT_SIZE
453853;262;JOB_OPS;218857;OUTPUT_SIZE
454254;263;JOB_OPS;212816;OUTPUT_SIZE
454262;END_JOB_BURST
461671;264;JOB_OPS;229717;OUTPUT_SIZE
462078;265;JOB_OPS;265356;OUTPUT_SIZE
462487;266;JOB_OPS;239581;OUTPUT_SIZE
462896;267;JOB_OPS;267813;OUTPUT_SIZE
463303;268;JOB_OPS;265356;OUTPUT_SIZE
463312;END_JOB_BURST
470720;269;JOB_OPS;208569;OUTPUT_SIZE
471127;270;JOB_OPS;265356;OUTPUT_SIZE
471536;271;JOB_OPS;215847;OUTPUT_SIZE
471943;272;JOB_OPS;239269;OUTPUT_SIZE
472352;273;JOB_OPS;302688;OUTPUT_SIZE
472358;END_JOB_BURST
479763;274;JOB_OPS;215847;OUTPUT_SIZE
480170;275;JOB_OPS;239269;OUTPUT_SIZE
480578;276;JOB_OPS;302688;OUTPUT_SIZE
480985;277;JOB_OPS;222827;OUTPUT_SIZE
481391;278;JOB_OPS;318789;OUTPUT_SIZE
481399;END_JOB_BURST
488808;279;JOB_OPS;384644;OUTPUT_SIZE
489215;280;JOB_OPS;222827;OUTPUT_SIZE
489624;281;JOB_OPS;318789;OUTPUT_SIZE
490031;282;JOB_OPS;384644;OUTPUT_SIZE
490442;283;JOB_OPS;357466;OUTPUT_SIZE
490449;END_JOB_BURST
497858;284;JOB_OPS;126631;OUTPUT_SIZE
498267;285;JOB_OPS;249418;OUTPUT_SIZE
498674;286;JOB_OPS;357466;OUTPUT_SIZE
499083;287;JOB_OPS;357466;OUTPUT_SIZE
499490;288;JOB_OPS;358510;OUTPUT_SIZE
499496;END_JOB_BURST
506905;289;JOB_OPS;174814;OUTPUT_SIZE
507313;290;JOB_OPS;177956;OUTPUT_SIZE
507722;291;JOB_OPS;181098;OUTPUT_SIZE
508129;292;JOB_OPS;115438;OUTPUT_SIZE
508538;293;JOB_OPS;200434;OUTPUT_SIZE
508544;END_JOB_BURST
515953;294;JOB_OPS;184878;OUTPUT_SIZE
516360;295;JOB_OPS;184878;OUTPUT_SIZE
516767;296;JOB_OPS;199098;OUTPUT_SIZE
517177;297;JOB_OPS;199098;OUTPUT_SIZE
517584;298;JOB_OPS;182330;OUTPUT_SIZE
517590;END_JOB_BURST
524998;299;JOB_OPS;249451;OUTPUT_SIZE
525405;300;JOB_OPS;207688;OUTPUT_SIZE
525812;301;JOB_OPS;239664;OUTPUT_SIZE
526219;302;JOB_OPS;239664;OUTPUT_SIZE
526626;303;JOB_OPS;244412;OUTPUT_SIZE
526632;END_JOB_BURST
534040;304;JOB_OPS;242038;OUTPUT_SIZE
534450;305;JOB_OPS;221873;OUTPUT_SIZE
534857;306;JOB_OPS;138773;OUTPUT_SIZE
535264;307;JOB_OPS;243477;OUTPUT_SIZE
535671;308;JOB_OPS;149109;OUTPUT_SIZE
